<?xml version="1.0" encoding="UTF-8" ?>
<!DOCTYPE configuration
  PUBLIC "-//mybatis.org//DTD Config 3.0//EN"
  "http://mybatis.org/dtd/mybatis-3-config.dtd">
<configuration>
   <typeAliases>
      <typeAlias type="com.fly.pro2.PlaneBookDTO" alias="planeBookVO"></typeAlias>
      <typeAlias type="com.fly.pro2.HotelBookDTO" alias="hotelBookVO"></typeAlias>
      <typeAlias type="com.fly.pro2.ApiDTO" alias="apiVO"></typeAlias>
   </typeAliases>
   <mappers>
       <mapper resource="mapper/hotelBookMapper.xml" />
       <mapper resource="mapper/planeBookMapper.xml" />
       <mapper resource="mapper/apiMapper.xml" />
   </mappers>
</configuration>